{
  "model_path": "models/best_mask_detector.keras",
  "val_size": 1908,
  "eval_loss": 0.11916978657245636,
  "eval_accuracy": 0.9633123874664307,
  "accuracy": 0.9633,
  "precision": 0.9476,
  "recall": 0.9812,
  "f1_score": 0.9641,
  "confusion_matrix": [
    [
      898,
      52
    ],
    [
      18,
      940
    ]
  ]
}